{"global_step": 9000, "_timestamp": 1667971589.053556, "eval/mean_ep_length": 5354.0, "eval/mean_reward": 21503002.0, "_runtime": 78.26635098457336, "_step": 12, "time/fps": 121.0, "train/approx_kl": 6.778223905712366e-06, "train/clip_fraction": 0.0, "train/clip_range": 0.20000000298023224, "train/entropy_loss": -2.844378709793091, "train/explained_variance": -1.7881393432617188e-06, "train/learning_rate": 0.0003000000142492354, "train/loss": 50304796.0, "train/policy_gradient_loss": -7.754667603876442e-05, "train/std": 1.0028799772262573, "train/value_loss": 96423272.0, "_wandb": {"runtime": 95}}