{"global_step": 9000, "_timestamp": 1667982961.515094, "time/fps": 126.0, "train/entropy_loss": -2.8084139823913574, "train/explained_variance": -1.1920928955078125e-07, "train/learning_rate": 0.000699999975040555, "train/policy_loss": 12062.166015625, "train/std": 0.9863859415054321, "train/value_loss": 13331721.0, "_runtime": 79.25071907043457, "_step": 17, "eval/mean_ep_length": 5354.0, "eval/mean_reward": 14452232.0, "_wandb": {"runtime": 79}}