{"global_step": 9000, "_timestamp": 1667977681.1811972, "eval/mean_ep_length": 5354.0, "eval/mean_reward": 21503002.0, "_runtime": 77.41683506965637, "_step": 12, "time/fps": 123.0, "train/approx_kl": 5.291251000016928e-06, "train/clip_fraction": 0.0, "train/clip_range": 0.20000000298023224, "train/entropy_loss": -2.8401730060577393, "train/explained_variance": -1.9073486328125e-06, "train/learning_rate": 0.0003000000142492354, "train/loss": 43957040.0, "train/policy_gradient_loss": -5.044017234467901e-05, "train/std": 1.0009657144546509, "train/value_loss": 95984744.0, "_wandb": {"runtime": 77}}