{"global_step": 9000, "_timestamp": 1667972026.237011, "eval/mean_ep_length": 5354.0, "eval/mean_reward": 21303068.0, "_runtime": 78.78359889984131, "_step": 12, "time/fps": 121.0, "train/approx_kl": 3.324646968394518e-06, "train/clip_fraction": 0.0, "train/clip_range": 0.20000000298023224, "train/entropy_loss": -2.836261510848999, "train/explained_variance": -2.2649765014648438e-06, "train/learning_rate": 0.0003000000142492354, "train/loss": 58678772.0, "train/policy_gradient_loss": -2.8269281756365672e-05, "train/std": 0.9990589618682861, "train/value_loss": 94904696.0, "_wandb": {"runtime": 80}}