{"global_step": 9000, "_timestamp": 1667972714.447241, "eval/mean_ep_length": 5354.0, "eval/mean_reward": 21503002.0, "_runtime": 76.03691101074219, "_step": 12, "time/fps": 125.0, "train/approx_kl": 5.666399374604225e-06, "train/clip_fraction": 0.0, "train/clip_range": 0.20000000298023224, "train/entropy_loss": -2.8335399627685547, "train/explained_variance": -1.9073486328125e-06, "train/learning_rate": 0.0003000000142492354, "train/loss": 58760748.0, "train/policy_gradient_loss": -7.283665763679892e-05, "train/std": 0.9974863529205322, "train/value_loss": 96577952.0, "_wandb": {"runtime": 76}}